1,10.10.10.1,0001_t,oxo5zVpux
337,10.10.10.2,0337_t,nuBz6Bdhn
0054,10.10.10.3,0054_t,fWxjgYMhd
4,10.10.10.4,0002_t,oxo5zVpux
5,10.10.10.5,0001_t,oxo5zVpux
6,10.10.10.6,0002_t,oxo5zVpux
7,10.10.10.7,0001_t,oxo5zVpux
8,10.10.10.8,0002_t,oxo5zVpux
9,10.10.10.9,0001_t,oxo5zVpux
10,10.10.10.10,0002_t,oxo5zVpux
11,10.10.10.11,0001_t,oxo5zVpux
12,10.10.10.12,0002_t,oxo5zVpux
13,10.10.10.13,0001_t,oxo5zVpux
14,10.10.10.14,0002_t,oxo5zVpux
15,10.10.10.15,0001_t,oxo5zVpux
16,10.10.10.16,0002_t,oxo5zVpux
17,10.10.10.17,0001_t,oxo5zVpux
18,10.10.10.18,0002_t,oxo5zVpux
19,10.10.10.19,0001_t,oxo5zVpux
20,10.10.10.20,0002_t,oxo5zVpux
21,10.10.10.21,0001_t,oxo5zVpux
22,10.10.10.22,0002_t,oxo5zVpux
23,10.10.10.23,0001_t,oxo5zVpux
24,10.10.10.24,0002_t,oxo5zVpux
25,10.10.10.25,0001_t,oxo5zVpux
26,10.10.10.26,0002_t,oxo5zVpux
27,10.10.10.27,0001_t,oxo5zVpux
28,10.10.10.28,0002_t,oxo5zVpux
29,10.10.10.29,0001_t,oxo5zVpux
30,10.10.10.30,0002_t,oxo5zVpux
31,10.10.10.31,0001_t,oxo5zVpux
32,10.10.10.32,0002_t,oxo5zVpux
33,10.10.10.33,0001_t,oxo5zVpux
34,10.10.10.34,0002_t,oxo5zVpux
35,10.10.10.35,0001_t,oxo5zVpux
36,10.10.10.36,0002_t,oxo5zVpux
37,10.10.10.37,0001_t,oxo5zVpux
38,10.10.10.38,0002_t,oxo5zVpux
39,10.10.10.39,0001_t,oxo5zVpux
40,10.10.10.40,0002_t,oxo5zVpux
41,10.10.10.41,0001_t,oxo5zVpux
42,10.10.10.42,0002_t,oxo5zVpux
43,10.10.10.43,0001_t,oxo5zVpux
44,10.10.10.44,0002_t,oxo5zVpux
45,10.10.10.45,0001_t,oxo5zVpux
46,10.10.10.46,0002_t,oxo5zVpux
47,10.10.10.47,0001_t,oxo5zVpux
48,10.10.10.48,0002_t,oxo5zVpux
49,10.10.10.49,0001_t,oxo5zVpux
50,10.10.10.50,0002_t,oxo5zVpux
51,10.10.10.51,0001_t,oxo5zVpux
52,10.10.10.52,0002_t,oxo5zVpux
53,10.10.10.53,0001_t,oxo5zVpux
55,10.10.10.55,0001_t,oxo5zVpux
56,10.10.10.56,0002_t,oxo5zVpux
57,10.10.10.57,0001_t,oxo5zVpux
58,10.10.10.58,0002_t,oxo5zVpux
59,10.10.10.59,0001_t,oxo5zVpux
60,10.10.10.60,0002_t,oxo5zVpux
61,10.10.10.61,0001_t,oxo5zVpux
62,10.10.10.62,0002_t,oxo5zVpux
63,10.10.10.63,0001_t,oxo5zVpux
64,10.10.10.64,0002_t,oxo5zVpux
65,10.10.10.65,0001_t,oxo5zVpux
66,10.10.10.66,0002_t,oxo5zVpux
67,10.10.10.67,0001_t,oxo5zVpux
68,10.10.10.68,0002_t,oxo5zVpux
69,10.10.10.69,0001_t,oxo5zVpux
70,10.10.10.70,0002_t,oxo5zVpux
71,10.10.10.71,0001_t,oxo5zVpux
72,10.10.10.72,0002_t,oxo5zVpux
73,10.10.10.73,0001_t,oxo5zVpux
74,10.10.10.74,0002_t,oxo5zVpux
75,10.10.10.75,0001_t,oxo5zVpux
76,10.10.10.76,0002_t,oxo5zVpux
77,10.10.10.77,0001_t,oxo5zVpux
78,10.10.10.78,0002_t,oxo5zVpux
79,10.10.10.79,0001_t,oxo5zVpux
80,10.10.10.80,0002_t,oxo5zVpux
81,10.10.10.81,0001_t,oxo5zVpux
82,10.10.10.82,0002_t,oxo5zVpux
83,10.10.10.83,0001_t,oxo5zVpux
84,10.10.10.84,0002_t,oxo5zVpux
85,10.10.10.85,0001_t,oxo5zVpux
86,10.10.10.86,0002_t,oxo5zVpux
87,10.10.10.87,0001_t,oxo5zVpux
88,10.10.10.88,0002_t,oxo5zVpux
89,10.10.10.89,0001_t,oxo5zVpux
90,10.10.10.90,0002_t,oxo5zVpux
91,10.10.10.91,0001_t,oxo5zVpux
92,10.10.10.92,0002_t,oxo5zVpux
93,10.10.10.93,0001_t,oxo5zVpux
94,10.10.10.94,0002_t,oxo5zVpux
95,10.10.10.95,0001_t,oxo5zVpux
96,10.10.10.96,0002_t,oxo5zVpux
97,10.10.10.97,0001_t,oxo5zVpux
98,10.10.10.98,0002_t,oxo5zVpux
99,10.10.10.99,0001_t,oxo5zVpux
100,10.10.10.100,0002_t,oxo5zVpux
101,10.10.10.101,0001_t,oxo5zVpux
102,10.10.10.102,0002_t,oxo5zVpux
103,10.10.10.103,0001_t,oxo5zVpux
104,10.10.10.104,0002_t,oxo5zVpux
105,10.10.10.105,0001_t,oxo5zVpux
106,10.10.10.106,0002_t,oxo5zVpux
107,10.10.10.107,0001_t,oxo5zVpux
108,10.10.10.108,0002_t,oxo5zVpux
109,10.10.10.109,0001_t,oxo5zVpux
110,10.10.10.110,0002_t,oxo5zVpux
111,10.10.10.111,0001_t,oxo5zVpux
112,10.10.10.112,0002_t,oxo5zVpux
113,10.10.10.113,0001_t,oxo5zVpux
114,10.10.10.114,0002_t,oxo5zVpux
115,10.10.10.115,0001_t,oxo5zVpux
116,10.10.10.116,0002_t,oxo5zVpux
117,10.10.10.117,0001_t,oxo5zVpux
118,10.10.10.118,0002_t,oxo5zVpux
119,10.10.10.119,0001_t,oxo5zVpux
120,10.10.10.120,0002_t,oxo5zVpux
121,10.10.10.121,0001_t,oxo5zVpux
122,10.10.10.122,0002_t,oxo5zVpux
123,10.10.10.123,0001_t,oxo5zVpux
124,10.10.10.124,0002_t,oxo5zVpux
125,10.10.10.125,0001_t,oxo5zVpux
126,10.10.10.126,0002_t,oxo5zVpux
127,10.10.10.127,0001_t,oxo5zVpux
128,10.10.10.128,0002_t,oxo5zVpux
129,10.10.10.129,0001_t,oxo5zVpux
130,10.10.10.130,0002_t,oxo5zVpux
131,10.10.10.131,0001_t,oxo5zVpux
132,10.10.10.132,0002_t,oxo5zVpux
133,10.10.10.133,0001_t,oxo5zVpux
134,10.10.10.134,0002_t,oxo5zVpux
135,10.10.10.135,0001_t,oxo5zVpux
136,10.10.10.136,0002_t,oxo5zVpux
137,10.10.10.137,0001_t,oxo5zVpux
138,10.10.10.138,0002_t,oxo5zVpux
139,10.10.10.139,0001_t,oxo5zVpux
140,10.10.10.140,0002_t,oxo5zVpux
141,10.10.10.141,0001_t,oxo5zVpux
142,10.10.10.142,0002_t,oxo5zVpux
143,10.10.10.143,0001_t,oxo5zVpux
144,10.10.10.144,0002_t,oxo5zVpux
145,10.10.10.145,0001_t,oxo5zVpux
146,10.10.10.146,0002_t,oxo5zVpux
147,10.10.10.147,0001_t,oxo5zVpux
148,10.10.10.148,0002_t,oxo5zVpux
149,10.10.10.149,0001_t,oxo5zVpux
150,10.10.10.150,0002_t,oxo5zVpux
151,10.10.10.151,0001_t,oxo5zVpux
152,10.10.10.152,0002_t,oxo5zVpux
153,10.10.10.153,0001_t,oxo5zVpux
154,10.10.10.154,0002_t,oxo5zVpux
155,10.10.10.155,0001_t,oxo5zVpux
156,10.10.10.156,0002_t,oxo5zVpux
157,10.10.10.157,0001_t,oxo5zVpux
158,10.10.10.158,0002_t,oxo5zVpux
159,10.10.10.159,0001_t,oxo5zVpux
160,10.10.10.160,0002_t,oxo5zVpux
161,10.10.10.161,0001_t,oxo5zVpux
162,10.10.10.162,0002_t,oxo5zVpux
163,10.10.10.163,0001_t,oxo5zVpux
164,10.10.10.164,0002_t,oxo5zVpux
165,10.10.10.165,0001_t,oxo5zVpux
166,10.10.10.166,0002_t,oxo5zVpux
167,10.10.10.167,0001_t,oxo5zVpux
168,10.10.10.168,0002_t,oxo5zVpux
169,10.10.10.169,0001_t,oxo5zVpux
170,10.10.10.170,0002_t,oxo5zVpux
171,10.10.10.171,0001_t,oxo5zVpux
172,10.10.10.172,0002_t,oxo5zVpux
173,10.10.10.173,0001_t,oxo5zVpux
174,10.10.10.174,0002_t,oxo5zVpux
175,10.10.10.175,0001_t,oxo5zVpux
176,10.10.10.176,0002_t,oxo5zVpux
177,10.10.10.177,0001_t,oxo5zVpux
178,10.10.10.178,0002_t,oxo5zVpux
179,10.10.10.179,0001_t,oxo5zVpux
180,10.10.10.180,0002_t,oxo5zVpux
181,10.10.10.181,0001_t,oxo5zVpux
182,10.10.10.182,0002_t,oxo5zVpux
183,10.10.10.183,0001_t,oxo5zVpux
184,10.10.10.184,0002_t,oxo5zVpux
185,10.10.10.185,0001_t,oxo5zVpux
186,10.10.10.186,0002_t,oxo5zVpux
187,10.10.10.187,0001_t,oxo5zVpux
188,10.10.10.188,0002_t,oxo5zVpux
189,10.10.10.189,0001_t,oxo5zVpux
190,10.10.10.190,0002_t,oxo5zVpux
191,10.10.10.191,0001_t,oxo5zVpux
192,10.10.10.192,0002_t,oxo5zVpux
193,10.10.10.193,0001_t,oxo5zVpux
194,10.10.10.194,0002_t,oxo5zVpux
195,10.10.10.195,0001_t,oxo5zVpux
196,10.10.10.196,0002_t,oxo5zVpux
197,10.10.10.197,0001_t,oxo5zVpux
198,10.10.10.198,0002_t,oxo5zVpux
199,10.10.10.199,0001_t,oxo5zVpux
200,10.10.10.200,0002_t,oxo5zVpux
201,10.10.10.201,0001_t,oxo5zVpux
202,10.10.10.202,0002_t,oxo5zVpux
203,10.10.10.203,0001_t,oxo5zVpux
204,10.10.10.204,0002_t,oxo5zVpux
205,10.10.10.205,0001_t,oxo5zVpux
206,10.10.10.206,0002_t,oxo5zVpux
207,10.10.10.207,0001_t,oxo5zVpux
208,10.10.10.208,0002_t,oxo5zVpux
209,10.10.10.209,0001_t,oxo5zVpux
210,10.10.10.210,0002_t,oxo5zVpux
211,10.10.10.211,0001_t,oxo5zVpux
212,10.10.10.212,0002_t,oxo5zVpux
213,10.10.10.213,0001_t,oxo5zVpux
214,10.10.10.214,0002_t,oxo5zVpux
215,10.10.10.215,0001_t,oxo5zVpux
216,10.10.10.216,0002_t,oxo5zVpux
217,10.10.10.217,0001_t,oxo5zVpux
218,10.10.10.218,0002_t,oxo5zVpux
219,10.10.10.219,0001_t,oxo5zVpux
220,10.10.10.220,0002_t,oxo5zVpux
221,10.10.10.221,0001_t,oxo5zVpux
222,10.10.10.222,0002_t,oxo5zVpux
223,10.10.10.223,0001_t,oxo5zVpux
224,10.10.10.224,0002_t,oxo5zVpux
225,10.10.10.225,0001_t,oxo5zVpux
226,10.10.10.226,0002_t,oxo5zVpux
227,10.10.10.227,0001_t,oxo5zVpux
228,10.10.10.228,0002_t,oxo5zVpux
229,10.10.10.229,0001_t,oxo5zVpux
230,10.10.10.230,0002_t,oxo5zVpux
231,10.10.10.231,0001_t,oxo5zVpux
232,10.10.10.232,0002_t,oxo5zVpux
233,10.10.10.233,0001_t,oxo5zVpux
234,10.10.10.234,0002_t,oxo5zVpux
235,10.10.10.235,0001_t,oxo5zVpux
236,10.10.10.236,0002_t,oxo5zVpux
237,10.10.10.237,0001_t,oxo5zVpux
238,10.10.10.238,0002_t,oxo5zVpux
239,10.10.10.239,0001_t,oxo5zVpux
240,10.10.10.240,0002_t,oxo5zVpux
241,10.10.10.241,0001_t,oxo5zVpux
242,10.10.10.242,0002_t,oxo5zVpux
243,10.10.10.243,0001_t,oxo5zVpux
244,10.10.10.244,0002_t,oxo5zVpux
245,10.10.10.245,0001_t,oxo5zVpux
246,10.10.10.246,0002_t,oxo5zVpux
247,10.10.10.247,0001_t,oxo5zVpux
248,10.10.10.248,0002_t,oxo5zVpux
249,10.10.10.249,0001_t,oxo5zVpux
250,10.10.10.250,0002_t,oxo5zVpux
251,10.10.10.251,0001_t,oxo5zVpux
252,10.10.10.252,0002_t,oxo5zVpux
253,10.10.10.253,0001_t,oxo5zVpux
254,10.10.10.254,0002_t,oxo5zVpux
255,10.10.10.255,0001_t,oxo5zVpux
256,10.10.10.256,0002_t,oxo5zVpux
257,10.10.10.257,0001_t,oxo5zVpux
258,10.10.10.258,0002_t,oxo5zVpux
259,10.10.10.259,0001_t,oxo5zVpux
260,10.10.10.260,0002_t,oxo5zVpux
261,10.10.10.261,0001_t,oxo5zVpux
262,10.10.10.262,0002_t,oxo5zVpux
263,10.10.10.263,0001_t,oxo5zVpux
264,10.10.10.264,0002_t,oxo5zVpux
265,10.10.10.265,0001_t,oxo5zVpux
266,10.10.10.266,0002_t,oxo5zVpux
267,10.10.10.267,0001_t,oxo5zVpux
268,10.10.10.268,0002_t,oxo5zVpux
269,10.10.10.269,0001_t,oxo5zVpux
270,10.10.10.270,0002_t,oxo5zVpux
271,10.10.10.271,0001_t,oxo5zVpux
272,10.10.10.272,0002_t,oxo5zVpux
273,10.10.10.273,0001_t,oxo5zVpux
274,10.10.10.274,0002_t,oxo5zVpux
275,10.10.10.275,0001_t,oxo5zVpux
276,10.10.10.276,0002_t,oxo5zVpux
277,10.10.10.277,0001_t,oxo5zVpux
278,10.10.10.278,0002_t,oxo5zVpux
279,10.10.10.279,0001_t,oxo5zVpux
280,10.10.10.280,0002_t,oxo5zVpux
281,10.10.10.281,0001_t,oxo5zVpux
282,10.10.10.282,0002_t,oxo5zVpux
283,10.10.10.283,0001_t,oxo5zVpux
284,10.10.10.284,0002_t,oxo5zVpux
285,10.10.10.285,0001_t,oxo5zVpux
286,10.10.10.286,0002_t,oxo5zVpux
287,10.10.10.287,0001_t,oxo5zVpux
288,10.10.10.288,0002_t,oxo5zVpux
289,10.10.10.289,0001_t,oxo5zVpux
290,10.10.10.290,0002_t,oxo5zVpux
291,10.10.10.291,0001_t,oxo5zVpux
292,10.10.10.292,0002_t,oxo5zVpux
293,10.10.10.293,0001_t,oxo5zVpux
294,10.10.10.294,0002_t,oxo5zVpux
295,10.10.10.295,0001_t,oxo5zVpux
296,10.10.10.296,0002_t,oxo5zVpux
297,10.10.10.297,0001_t,oxo5zVpux
298,10.10.10.298,0002_t,oxo5zVpux
299,10.10.10.299,0001_t,oxo5zVpux
300,10.10.10.300,0002_t,oxo5zVpux
301,10.10.10.301,0001_t,oxo5zVpux
302,10.10.10.302,0002_t,oxo5zVpux
303,10.10.10.303,0001_t,oxo5zVpux
304,10.10.10.304,0002_t,oxo5zVpux
305,10.10.10.305,0001_t,oxo5zVpux
306,10.10.10.306,0002_t,oxo5zVpux
307,10.10.10.307,0001_t,oxo5zVpux
308,10.10.10.308,0002_t,oxo5zVpux
309,10.10.10.309,0001_t,oxo5zVpux
310,10.10.10.310,0002_t,oxo5zVpux
311,10.10.10.311,0001_t,oxo5zVpux
312,10.10.10.312,0002_t,oxo5zVpux
313,10.10.10.313,0001_t,oxo5zVpux
314,10.10.10.314,0002_t,oxo5zVpux
315,10.10.10.315,0001_t,oxo5zVpux
316,10.10.10.316,0002_t,oxo5zVpux
317,10.10.10.317,0001_t,oxo5zVpux
318,10.10.10.318,0002_t,oxo5zVpux
319,10.10.10.319,0001_t,oxo5zVpux
320,10.10.10.320,0002_t,oxo5zVpux
321,10.10.10.321,0001_t,oxo5zVpux
322,10.10.10.322,0002_t,oxo5zVpux
323,10.10.10.323,0001_t,oxo5zVpux
324,10.10.10.324,0002_t,oxo5zVpux
325,10.10.10.325,0001_t,oxo5zVpux
326,10.10.10.326,0002_t,oxo5zVpux
327,10.10.10.327,0001_t,oxo5zVpux
328,10.10.10.328,0002_t,oxo5zVpux
329,10.10.10.329,0001_t,oxo5zVpux
330,10.10.10.330,0002_t,oxo5zVpux
331,10.10.10.331,0001_t,oxo5zVpux
332,10.10.10.332,0002_t,oxo5zVpux
333,10.10.10.333,0001_t,oxo5zVpux
334,10.10.10.334,0002_t,oxo5zVpux
335,10.10.10.335,0001_t,oxo5zVpux
336,10.10.10.336,0002_t,oxo5zVpux
338,10.10.10.338,0002_t,oxo5zVpux
339,10.10.10.339,0001_t,oxo5zVpux
340,10.10.10.340,0002_t,oxo5zVpux
341,10.10.10.341,0001_t,oxo5zVpux
342,10.10.10.342,0002_t,oxo5zVpux
343,10.10.10.343,0001_t,oxo5zVpux
344,10.10.10.344,0002_t,oxo5zVpux
345,10.10.10.345,0001_t,oxo5zVpux
346,10.10.10.346,0002_t,oxo5zVpux
347,10.10.10.347,0001_t,oxo5zVpux
348,10.10.10.348,0002_t,oxo5zVpux
349,10.10.10.349,0001_t,oxo5zVpux
350,10.10.10.350,0002_t,oxo5zVpux
351,10.10.10.351,0001_t,oxo5zVpux
352,10.10.10.352,0002_t,oxo5zVpux
353,10.10.10.353,0001_t,oxo5zVpux
354,10.10.10.354,0002_t,oxo5zVpux
355,10.10.10.355,0001_t,oxo5zVpux
356,10.10.10.356,0002_t,oxo5zVpux
357,10.10.10.357,0001_t,oxo5zVpux
358,10.10.10.358,0002_t,oxo5zVpux
359,10.10.10.359,0001_t,oxo5zVpux
360,10.10.10.360,0002_t,oxo5zVpux
361,10.10.10.361,0001_t,oxo5zVpux
362,10.10.10.362,0002_t,oxo5zVpux
363,10.10.10.363,0001_t,oxo5zVpux
364,10.10.10.364,0002_t,oxo5zVpux
365,10.10.10.365,0001_t,oxo5zVpux
366,10.10.10.366,0002_t,oxo5zVpux
367,10.10.10.367,0001_t,oxo5zVpux
368,10.10.10.368,0002_t,oxo5zVpux
369,10.10.10.369,0001_t,oxo5zVpux
370,10.10.10.370,0002_t,oxo5zVpux
371,10.10.10.371,0001_t,oxo5zVpux
372,10.10.10.372,0002_t,oxo5zVpux
373,10.10.10.373,0001_t,oxo5zVpux
374,10.10.10.374,0002_t,oxo5zVpux
375,10.10.10.375,0001_t,oxo5zVpux
376,10.10.10.376,0002_t,oxo5zVpux
377,10.10.10.377,0001_t,oxo5zVpux
378,10.10.10.378,0002_t,oxo5zVpux
379,10.10.10.379,0001_t,oxo5zVpux
380,10.10.10.380,0002_t,oxo5zVpux
381,10.10.10.381,0001_t,oxo5zVpux
382,10.10.10.382,0002_t,oxo5zVpux
383,10.10.10.383,0001_t,oxo5zVpux
384,10.10.10.384,0002_t,oxo5zVpux
385,10.10.10.385,0001_t,oxo5zVpux
386,10.10.10.386,0002_t,oxo5zVpux
387,10.10.10.387,0001_t,oxo5zVpux
388,10.10.10.388,0002_t,oxo5zVpux
389,10.10.10.389,0001_t,oxo5zVpux
390,10.10.10.390,0002_t,oxo5zVpux
391,10.10.10.391,0001_t,oxo5zVpux
392,10.10.10.392,0002_t,oxo5zVpux
393,10.10.10.393,0001_t,oxo5zVpux
394,10.10.10.394,0002_t,oxo5zVpux
395,10.10.10.395,0001_t,oxo5zVpux
396,10.10.10.396,0002_t,oxo5zVpux
397,10.10.10.397,0001_t,oxo5zVpux
398,10.10.10.398,0002_t,oxo5zVpux
399,10.10.10.399,0001_t,oxo5zVpux
400,10.10.10.400,0002_t,oxo5zVpux
401,10.10.10.401,0001_t,oxo5zVpux
402,10.10.10.402,0002_t,oxo5zVpux
403,10.10.10.403,0001_t,oxo5zVpux
404,10.10.10.404,0002_t,oxo5zVpux
405,10.10.10.405,0001_t,oxo5zVpux
406,10.10.10.406,0002_t,oxo5zVpux
407,10.10.10.407,0001_t,oxo5zVpux
408,10.10.10.408,0002_t,oxo5zVpux
409,10.10.10.409,0001_t,oxo5zVpux
410,10.10.10.410,0002_t,oxo5zVpux
411,10.10.10.411,0001_t,oxo5zVpux
412,10.10.10.412,0002_t,oxo5zVpux
413,10.10.10.413,0001_t,oxo5zVpux
414,10.10.10.414,0002_t,oxo5zVpux
415,10.10.10.415,0001_t,oxo5zVpux
416,10.10.10.416,0002_t,oxo5zVpux
417,10.10.10.417,0001_t,oxo5zVpux
418,10.10.10.418,0002_t,oxo5zVpux
419,10.10.10.419,0001_t,oxo5zVpux
420,10.10.10.420,0002_t,oxo5zVpux
421,10.10.10.421,0001_t,oxo5zVpux
422,10.10.10.422,0002_t,oxo5zVpux
423,10.10.10.423,0001_t,oxo5zVpux
424,10.10.10.424,0002_t,oxo5zVpux
425,10.10.10.425,0001_t,oxo5zVpux
426,10.10.10.426,0002_t,oxo5zVpux
427,10.10.10.427,0001_t,oxo5zVpux
428,10.10.10.428,0002_t,oxo5zVpux
429,10.10.10.429,0001_t,oxo5zVpux
430,10.10.10.430,0002_t,oxo5zVpux
431,10.10.10.431,0001_t,oxo5zVpux
432,10.10.10.432,0002_t,oxo5zVpux
433,10.10.10.433,0001_t,oxo5zVpux
434,10.10.10.434,0002_t,oxo5zVpux
435,10.10.10.435,0001_t,oxo5zVpux
436,10.10.10.436,0002_t,oxo5zVpux
437,10.10.10.437,0001_t,oxo5zVpux
438,10.10.10.438,0002_t,oxo5zVpux
439,10.10.10.439,0001_t,oxo5zVpux
440,10.10.10.440,0002_t,oxo5zVpux
441,10.10.10.441,0001_t,oxo5zVpux
442,10.10.10.442,0002_t,oxo5zVpux
443,10.10.10.443,0001_t,oxo5zVpux
444,10.10.10.444,0002_t,oxo5zVpux
445,10.10.10.445,0001_t,oxo5zVpux
446,10.10.10.446,0002_t,oxo5zVpux
447,10.10.10.447,0001_t,oxo5zVpux
448,10.10.10.448,0002_t,oxo5zVpux
449,10.10.10.449,0001_t,oxo5zVpux
450,10.10.10.450,0002_t,oxo5zVpux
451,10.10.10.451,0001_t,oxo5zVpux
452,10.10.10.452,0002_t,oxo5zVpux
453,10.10.10.453,0001_t,oxo5zVpux
454,10.10.10.454,0002_t,oxo5zVpux
455,10.10.10.455,0001_t,oxo5zVpux
456,10.10.10.456,0002_t,oxo5zVpux
457,10.10.10.457,0001_t,oxo5zVpux
458,10.10.10.458,0002_t,oxo5zVpux
459,10.10.10.459,0001_t,oxo5zVpux
460,10.10.10.460,0002_t,oxo5zVpux
461,10.10.10.461,0001_t,oxo5zVpux
462,10.10.10.462,0002_t,oxo5zVpux
463,10.10.10.463,0001_t,oxo5zVpux
464,10.10.10.464,0002_t,oxo5zVpux
465,10.10.10.465,0001_t,oxo5zVpux
466,10.10.10.466,0002_t,oxo5zVpux
467,10.10.10.467,0001_t,oxo5zVpux
468,10.10.10.468,0002_t,oxo5zVpux
469,10.10.10.469,0001_t,oxo5zVpux
470,10.10.10.470,0002_t,oxo5zVpux
471,10.10.10.471,0001_t,oxo5zVpux
472,10.10.10.472,0002_t,oxo5zVpux
473,10.10.10.473,0001_t,oxo5zVpux
474,10.10.10.474,0002_t,oxo5zVpux
475,10.10.10.475,0001_t,oxo5zVpux
476,10.10.10.476,0002_t,oxo5zVpux
477,10.10.10.477,0001_t,oxo5zVpux
478,10.10.10.478,0002_t,oxo5zVpux
479,10.10.10.479,0001_t,oxo5zVpux
480,10.10.10.480,0002_t,oxo5zVpux
481,10.10.10.481,0001_t,oxo5zVpux
482,10.10.10.482,0002_t,oxo5zVpux
483,10.10.10.483,0001_t,oxo5zVpux
484,10.10.10.484,0002_t,oxo5zVpux
485,10.10.10.485,0001_t,oxo5zVpux
486,10.10.10.486,0002_t,oxo5zVpux
487,10.10.10.487,0001_t,oxo5zVpux
488,10.10.10.488,0002_t,oxo5zVpux
489,10.10.10.489,0001_t,oxo5zVpux
490,10.10.10.490,0002_t,oxo5zVpux
491,10.10.10.491,0001_t,oxo5zVpux
492,10.10.10.492,0002_t,oxo5zVpux
493,10.10.10.493,0001_t,oxo5zVpux
494,10.10.10.494,0002_t,oxo5zVpux
495,10.10.10.495,0001_t,oxo5zVpux
496,10.10.10.496,0002_t,oxo5zVpux
497,10.10.10.497,0001_t,oxo5zVpux
498,10.10.10.498,0002_t,oxo5zVpux
499,10.10.10.499,0001_t,oxo5zVpux
500,10.10.10.500,0002_t,oxo5zVpux
501,10.10.10.501,0001_t,oxo5zVpux
502,10.10.10.502,0002_t,oxo5zVpux
503,10.10.10.503,0001_t,oxo5zVpux
504,10.10.10.504,0002_t,oxo5zVpux
505,10.10.10.505,0001_t,oxo5zVpux
506,10.10.10.506,0002_t,oxo5zVpux
507,10.10.10.507,0001_t,oxo5zVpux
508,10.10.10.508,0002_t,oxo5zVpux
509,10.10.10.509,0001_t,oxo5zVpux
510,10.10.10.510,0002_t,oxo5zVpux
511,10.10.10.511,0001_t,oxo5zVpux
512,10.10.10.512,0002_t,oxo5zVpux
513,10.10.10.513,0001_t,oxo5zVpux
514,10.10.10.514,0002_t,oxo5zVpux
515,10.10.10.515,0001_t,oxo5zVpux
516,10.10.10.516,0002_t,oxo5zVpux
517,10.10.10.517,0001_t,oxo5zVpux
518,10.10.10.518,0002_t,oxo5zVpux
519,10.10.10.519,0001_t,oxo5zVpux
520,10.10.10.520,0002_t,oxo5zVpux
521,10.10.10.521,0001_t,oxo5zVpux
522,10.10.10.522,0002_t,oxo5zVpux
523,10.10.10.523,0001_t,oxo5zVpux
524,10.10.10.524,0002_t,oxo5zVpux
525,10.10.10.525,0001_t,oxo5zVpux
526,10.10.10.526,0002_t,oxo5zVpux
527,10.10.10.527,0001_t,oxo5zVpux
528,10.10.10.528,0002_t,oxo5zVpux
529,10.10.10.529,0001_t,oxo5zVpux
530,10.10.10.530,0002_t,oxo5zVpux
531,10.10.10.531,0001_t,oxo5zVpux
532,10.10.10.532,0002_t,oxo5zVpux
533,10.10.10.533,0001_t,oxo5zVpux
534,10.10.10.534,0002_t,oxo5zVpux
535,10.10.10.535,0001_t,oxo5zVpux
536,10.10.10.536,0002_t,oxo5zVpux
537,10.10.10.537,0001_t,oxo5zVpux
538,10.10.10.538,0002_t,oxo5zVpux
539,10.10.10.539,0001_t,oxo5zVpux
540,10.10.10.540,0002_t,oxo5zVpux
541,10.10.10.541,0001_t,oxo5zVpux
542,10.10.10.542,0002_t,oxo5zVpux
543,10.10.10.543,0001_t,oxo5zVpux
544,10.10.10.544,0002_t,oxo5zVpux
545,10.10.10.545,0001_t,oxo5zVpux
546,10.10.10.546,0002_t,oxo5zVpux
547,10.10.10.547,0001_t,oxo5zVpux
548,10.10.10.548,0002_t,oxo5zVpux
549,10.10.10.549,0001_t,oxo5zVpux
550,10.10.10.550,0002_t,oxo5zVpux
551,10.10.10.551,0001_t,oxo5zVpux
552,10.10.10.552,0002_t,oxo5zVpux
553,10.10.10.553,0001_t,oxo5zVpux
554,10.10.10.554,0002_t,oxo5zVpux
555,10.10.10.555,0001_t,oxo5zVpux
556,10.10.10.556,0002_t,oxo5zVpux
557,10.10.10.557,0001_t,oxo5zVpux
558,10.10.10.558,0002_t,oxo5zVpux
559,10.10.10.559,0001_t,oxo5zVpux
560,10.10.10.560,0002_t,oxo5zVpux
561,10.10.10.561,0001_t,oxo5zVpux
562,10.10.10.562,0002_t,oxo5zVpux
563,10.10.10.563,0001_t,oxo5zVpux
564,10.10.10.564,0002_t,oxo5zVpux
565,10.10.10.565,0001_t,oxo5zVpux
566,10.10.10.566,0002_t,oxo5zVpux
567,10.10.10.567,0001_t,oxo5zVpux
568,10.10.10.568,0002_t,oxo5zVpux
569,10.10.10.569,0001_t,oxo5zVpux
570,10.10.10.570,0002_t,oxo5zVpux
571,10.10.10.571,0001_t,oxo5zVpux
572,10.10.10.572,0002_t,oxo5zVpux
573,10.10.10.573,0001_t,oxo5zVpux
574,10.10.10.574,0002_t,oxo5zVpux
575,10.10.10.575,0001_t,oxo5zVpux
576,10.10.10.576,0002_t,oxo5zVpux
577,10.10.10.577,0001_t,oxo5zVpux
578,10.10.10.578,0002_t,oxo5zVpux
579,10.10.10.579,0001_t,oxo5zVpux
580,10.10.10.580,0002_t,oxo5zVpux
581,10.10.10.581,0001_t,oxo5zVpux
582,10.10.10.582,0002_t,oxo5zVpux
583,10.10.10.583,0001_t,oxo5zVpux
584,10.10.10.584,0002_t,oxo5zVpux
585,10.10.10.585,0001_t,oxo5zVpux
586,10.10.10.586,0002_t,oxo5zVpux
587,10.10.10.587,0001_t,oxo5zVpux
588,10.10.10.588,0002_t,oxo5zVpux
589,10.10.10.589,0001_t,oxo5zVpux
590,10.10.10.590,0002_t,oxo5zVpux
591,10.10.10.591,0001_t,oxo5zVpux
592,10.10.10.592,0002_t,oxo5zVpux
593,10.10.10.593,0001_t,oxo5zVpux
594,10.10.10.594,0002_t,oxo5zVpux
595,10.10.10.595,0001_t,oxo5zVpux
596,10.10.10.596,0002_t,oxo5zVpux
597,10.10.10.597,0001_t,oxo5zVpux
598,10.10.10.598,0002_t,oxo5zVpux
599,10.10.10.599,0001_t,oxo5zVpux
600,10.10.10.600,0002_t,oxo5zVpux
601,10.10.10.601,0001_t,oxo5zVpux
602,10.10.10.602,0002_t,oxo5zVpux
603,10.10.10.603,0001_t,oxo5zVpux
604,10.10.10.604,0002_t,oxo5zVpux
605,10.10.10.605,0001_t,oxo5zVpux
606,10.10.10.606,0002_t,oxo5zVpux
607,10.10.10.607,0001_t,oxo5zVpux
608,10.10.10.608,0002_t,oxo5zVpux
609,10.10.10.609,0001_t,oxo5zVpux
610,10.10.10.610,0002_t,oxo5zVpux
611,10.10.10.611,0001_t,oxo5zVpux
612,10.10.10.612,0002_t,oxo5zVpux
613,10.10.10.613,0001_t,oxo5zVpux
614,10.10.10.614,0002_t,oxo5zVpux
615,10.10.10.615,0001_t,oxo5zVpux
616,10.10.10.616,0002_t,oxo5zVpux
617,10.10.10.617,0001_t,oxo5zVpux
618,10.10.10.618,0002_t,oxo5zVpux
619,10.10.10.619,0001_t,oxo5zVpux
620,10.10.10.620,0002_t,oxo5zVpux
621,10.10.10.621,0001_t,oxo5zVpux
622,10.10.10.622,0002_t,oxo5zVpux
623,10.10.10.623,0001_t,oxo5zVpux
624,10.10.10.624,0002_t,oxo5zVpux
625,10.10.10.625,0001_t,oxo5zVpux
626,10.10.10.626,0002_t,oxo5zVpux
627,10.10.10.627,0001_t,oxo5zVpux
628,10.10.10.628,0002_t,oxo5zVpux
629,10.10.10.629,0001_t,oxo5zVpux
630,10.10.10.630,0002_t,oxo5zVpux
631,10.10.10.631,0001_t,oxo5zVpux
632,10.10.10.632,0002_t,oxo5zVpux
633,10.10.10.633,0001_t,oxo5zVpux
634,10.10.10.634,0002_t,oxo5zVpux
635,10.10.10.635,0001_t,oxo5zVpux
636,10.10.10.636,0002_t,oxo5zVpux
637,10.10.10.637,0001_t,oxo5zVpux
638,10.10.10.638,0002_t,oxo5zVpux
639,10.10.10.639,0001_t,oxo5zVpux
640,10.10.10.640,0002_t,oxo5zVpux
641,10.10.10.641,0001_t,oxo5zVpux
642,10.10.10.642,0002_t,oxo5zVpux
643,10.10.10.643,0001_t,oxo5zVpux
644,10.10.10.644,0002_t,oxo5zVpux
645,10.10.10.645,0001_t,oxo5zVpux
646,10.10.10.646,0002_t,oxo5zVpux
647,10.10.10.647,0001_t,oxo5zVpux
648,10.10.10.648,0002_t,oxo5zVpux
649,10.10.10.649,0001_t,oxo5zVpux
650,10.10.10.650,0002_t,oxo5zVpux
651,10.10.10.651,0001_t,oxo5zVpux
652,10.10.10.652,0002_t,oxo5zVpux
653,10.10.10.653,0001_t,oxo5zVpux
654,10.10.10.654,0002_t,oxo5zVpux
655,10.10.10.655,0001_t,oxo5zVpux
656,10.10.10.656,0002_t,oxo5zVpux
657,10.10.10.657,0001_t,oxo5zVpux
658,10.10.10.658,0002_t,oxo5zVpux
659,10.10.10.659,0001_t,oxo5zVpux
660,10.10.10.660,0002_t,oxo5zVpux
661,10.10.10.661,0001_t,oxo5zVpux
662,10.10.10.662,0002_t,oxo5zVpux
663,10.10.10.663,0001_t,oxo5zVpux
664,10.10.10.664,0002_t,oxo5zVpux
665,10.10.10.665,0001_t,oxo5zVpux
666,10.10.10.666,0002_t,oxo5zVpux
667,10.10.10.667,0001_t,oxo5zVpux
668,10.10.10.668,0002_t,oxo5zVpux
669,10.10.10.669,0001_t,oxo5zVpux
670,10.10.10.670,0002_t,oxo5zVpux
671,10.10.10.671,0001_t,oxo5zVpux
672,10.10.10.672,0002_t,oxo5zVpux
673,10.10.10.673,0001_t,oxo5zVpux
674,10.10.10.674,0002_t,oxo5zVpux
675,10.10.10.675,0001_t,oxo5zVpux
676,10.10.10.676,0002_t,oxo5zVpux
677,10.10.10.677,0001_t,oxo5zVpux
678,10.10.10.678,0002_t,oxo5zVpux
679,10.10.10.679,0001_t,oxo5zVpux
680,10.10.10.680,0002_t,oxo5zVpux
681,10.10.10.681,0001_t,oxo5zVpux
682,10.10.10.682,0002_t,oxo5zVpux
683,10.10.10.683,0001_t,oxo5zVpux
684,10.10.10.684,0002_t,oxo5zVpux
685,10.10.10.685,0001_t,oxo5zVpux
686,10.10.10.686,0002_t,oxo5zVpux
687,10.10.10.687,0001_t,oxo5zVpux
688,10.10.10.688,0002_t,oxo5zVpux
689,10.10.10.689,0001_t,oxo5zVpux
690,10.10.10.690,0002_t,oxo5zVpux
691,10.10.10.691,0001_t,oxo5zVpux
692,10.10.10.692,0002_t,oxo5zVpux
693,10.10.10.693,0001_t,oxo5zVpux
694,10.10.10.694,0002_t,oxo5zVpux
695,10.10.10.695,0001_t,oxo5zVpux
696,10.10.10.696,0002_t,oxo5zVpux
697,10.10.10.697,0001_t,oxo5zVpux
698,10.10.10.698,0002_t,oxo5zVpux
699,10.10.10.699,0001_t,oxo5zVpux
700,10.10.10.700,0002_t,oxo5zVpux
701,10.10.10.701,0001_t,oxo5zVpux
702,10.10.10.702,0002_t,oxo5zVpux
703,10.10.10.703,0001_t,oxo5zVpux
704,10.10.10.704,0002_t,oxo5zVpux
705,10.10.10.705,0001_t,oxo5zVpux
706,10.10.10.706,0002_t,oxo5zVpux
707,10.10.10.707,0001_t,oxo5zVpux
708,10.10.10.708,0002_t,oxo5zVpux
709,10.10.10.709,0001_t,oxo5zVpux
710,10.10.10.710,0002_t,oxo5zVpux
711,10.10.10.711,0001_t,oxo5zVpux
712,10.10.10.712,0002_t,oxo5zVpux
713,10.10.10.713,0001_t,oxo5zVpux
714,10.10.10.714,0002_t,oxo5zVpux
715,10.10.10.715,0001_t,oxo5zVpux
716,10.10.10.716,0002_t,oxo5zVpux
717,10.10.10.717,0001_t,oxo5zVpux
718,10.10.10.718,0002_t,oxo5zVpux
719,10.10.10.719,0001_t,oxo5zVpux
720,10.10.10.720,0002_t,oxo5zVpux
721,10.10.10.721,0001_t,oxo5zVpux
722,10.10.10.722,0002_t,oxo5zVpux
723,10.10.10.723,0001_t,oxo5zVpux
724,10.10.10.724,0002_t,oxo5zVpux
725,10.10.10.725,0001_t,oxo5zVpux
726,10.10.10.726,0002_t,oxo5zVpux
727,10.10.10.727,0001_t,oxo5zVpux
728,10.10.10.728,0002_t,oxo5zVpux
729,10.10.10.729,0001_t,oxo5zVpux
730,10.10.10.730,0002_t,oxo5zVpux
731,10.10.10.731,0001_t,oxo5zVpux
732,10.10.10.732,0002_t,oxo5zVpux
733,10.10.10.733,0001_t,oxo5zVpux
734,10.10.10.734,0002_t,oxo5zVpux
735,10.10.10.735,0001_t,oxo5zVpux
736,10.10.10.736,0002_t,oxo5zVpux
737,10.10.10.737,0001_t,oxo5zVpux
738,10.10.10.738,0002_t,oxo5zVpux
739,10.10.10.739,0001_t,oxo5zVpux
740,10.10.10.740,0002_t,oxo5zVpux
741,10.10.10.741,0001_t,oxo5zVpux
742,10.10.10.742,0002_t,oxo5zVpux
743,10.10.10.743,0001_t,oxo5zVpux
744,10.10.10.744,0002_t,oxo5zVpux
745,10.10.10.745,0001_t,oxo5zVpux
746,10.10.10.746,0002_t,oxo5zVpux
747,10.10.10.747,0001_t,oxo5zVpux
748,10.10.10.748,0002_t,oxo5zVpux
749,10.10.10.749,0001_t,oxo5zVpux
750,10.10.10.750,0002_t,oxo5zVpux
751,10.10.10.751,0001_t,oxo5zVpux
752,10.10.10.752,0002_t,oxo5zVpux
753,10.10.10.753,0001_t,oxo5zVpux
754,10.10.10.754,0002_t,oxo5zVpux
755,10.10.10.755,0001_t,oxo5zVpux
756,10.10.10.756,0002_t,oxo5zVpux
757,10.10.10.757,0001_t,oxo5zVpux
758,10.10.10.758,0002_t,oxo5zVpux
759,10.10.10.759,0001_t,oxo5zVpux
760,10.10.10.760,0002_t,oxo5zVpux
761,10.10.10.761,0001_t,oxo5zVpux
762,10.10.10.762,0002_t,oxo5zVpux
763,10.10.10.763,0001_t,oxo5zVpux
764,10.10.10.764,0002_t,oxo5zVpux
765,10.10.10.765,0001_t,oxo5zVpux
766,10.10.10.766,0002_t,oxo5zVpux
767,10.10.10.767,0001_t,oxo5zVpux
768,10.10.10.768,0002_t,oxo5zVpux
769,10.10.10.769,0001_t,oxo5zVpux
770,10.10.10.770,0002_t,oxo5zVpux
771,10.10.10.771,0001_t,oxo5zVpux
772,10.10.10.772,0002_t,oxo5zVpux
773,10.10.10.773,0001_t,oxo5zVpux
774,10.10.10.774,0002_t,oxo5zVpux
775,10.10.10.775,0001_t,oxo5zVpux
776,10.10.10.776,0002_t,oxo5zVpux
777,10.10.10.777,0001_t,oxo5zVpux
778,10.10.10.778,0002_t,oxo5zVpux
779,10.10.10.779,0001_t,oxo5zVpux
780,10.10.10.780,0002_t,oxo5zVpux
781,10.10.10.781,0001_t,oxo5zVpux
782,10.10.10.782,0002_t,oxo5zVpux
783,10.10.10.783,0001_t,oxo5zVpux
784,10.10.10.784,0002_t,oxo5zVpux
785,10.10.10.785,0001_t,oxo5zVpux
786,10.10.10.786,0002_t,oxo5zVpux
787,10.10.10.787,0001_t,oxo5zVpux
788,10.10.10.788,0002_t,oxo5zVpux
789,10.10.10.789,0001_t,oxo5zVpux
790,10.10.10.790,0002_t,oxo5zVpux
791,10.10.10.791,0001_t,oxo5zVpux
792,10.10.10.792,0002_t,oxo5zVpux
793,10.10.10.793,0001_t,oxo5zVpux
794,10.10.10.794,0002_t,oxo5zVpux
795,10.10.10.795,0001_t,oxo5zVpux
796,10.10.10.796,0002_t,oxo5zVpux
797,10.10.10.797,0001_t,oxo5zVpux
798,10.10.10.798,0002_t,oxo5zVpux
799,10.10.10.799,0001_t,oxo5zVpux
800,10.10.10.800,0002_t,oxo5zVpux
801,10.10.10.801,0001_t,oxo5zVpux
802,10.10.10.802,0002_t,oxo5zVpux
803,10.10.10.803,0001_t,oxo5zVpux
804,10.10.10.804,0002_t,oxo5zVpux
805,10.10.10.805,0001_t,oxo5zVpux
806,10.10.10.806,0002_t,oxo5zVpux
807,10.10.10.807,0001_t,oxo5zVpux
808,10.10.10.808,0002_t,oxo5zVpux
809,10.10.10.809,0001_t,oxo5zVpux
810,10.10.10.810,0002_t,oxo5zVpux
811,10.10.10.811,0001_t,oxo5zVpux
812,10.10.10.812,0002_t,oxo5zVpux
813,10.10.10.813,0001_t,oxo5zVpux
814,10.10.10.814,0002_t,oxo5zVpux
815,10.10.10.815,0001_t,oxo5zVpux
816,10.10.10.816,0002_t,oxo5zVpux
817,10.10.10.817,0001_t,oxo5zVpux
818,10.10.10.818,0002_t,oxo5zVpux
819,10.10.10.819,0001_t,oxo5zVpux
820,10.10.10.820,0002_t,oxo5zVpux
821,10.10.10.821,0001_t,oxo5zVpux
822,10.10.10.822,0002_t,oxo5zVpux
823,10.10.10.823,0001_t,oxo5zVpux
824,10.10.10.824,0002_t,oxo5zVpux
825,10.10.10.825,0001_t,oxo5zVpux
826,10.10.10.826,0002_t,oxo5zVpux
827,10.10.10.827,0001_t,oxo5zVpux
828,10.10.10.828,0002_t,oxo5zVpux
829,10.10.10.829,0001_t,oxo5zVpux
830,10.10.10.830,0002_t,oxo5zVpux
831,10.10.10.831,0001_t,oxo5zVpux
832,10.10.10.832,0002_t,oxo5zVpux
833,10.10.10.833,0001_t,oxo5zVpux
834,10.10.10.834,0002_t,oxo5zVpux
835,10.10.10.835,0001_t,oxo5zVpux
836,10.10.10.836,0002_t,oxo5zVpux
837,10.10.10.837,0001_t,oxo5zVpux
838,10.10.10.838,0002_t,oxo5zVpux
839,10.10.10.839,0001_t,oxo5zVpux
840,10.10.10.840,0002_t,oxo5zVpux
841,10.10.10.841,0001_t,oxo5zVpux
842,10.10.10.842,0002_t,oxo5zVpux
843,10.10.10.843,0001_t,oxo5zVpux
844,10.10.10.844,0002_t,oxo5zVpux
845,10.10.10.845,0001_t,oxo5zVpux
846,10.10.10.846,0002_t,oxo5zVpux
847,10.10.10.847,0001_t,oxo5zVpux
848,10.10.10.848,0002_t,oxo5zVpux
849,10.10.10.849,0001_t,oxo5zVpux
850,10.10.10.850,0002_t,oxo5zVpux
851,10.10.10.851,0001_t,oxo5zVpux
852,10.10.10.852,0002_t,oxo5zVpux
853,10.10.10.853,0001_t,oxo5zVpux
854,10.10.10.854,0002_t,oxo5zVpux
855,10.10.10.855,0001_t,oxo5zVpux
856,10.10.10.856,0002_t,oxo5zVpux
857,10.10.10.857,0001_t,oxo5zVpux
858,10.10.10.858,0002_t,oxo5zVpux
859,10.10.10.859,0001_t,oxo5zVpux
860,10.10.10.860,0002_t,oxo5zVpux
861,10.10.10.861,0001_t,oxo5zVpux
862,10.10.10.862,0002_t,oxo5zVpux
863,10.10.10.863,0001_t,oxo5zVpux
864,10.10.10.864,0002_t,oxo5zVpux
865,10.10.10.865,0001_t,oxo5zVpux
866,10.10.10.866,0002_t,oxo5zVpux
867,10.10.10.867,0001_t,oxo5zVpux
868,10.10.10.868,0002_t,oxo5zVpux
869,10.10.10.869,0001_t,oxo5zVpux
870,10.10.10.870,0002_t,oxo5zVpux
871,10.10.10.871,0001_t,oxo5zVpux
872,10.10.10.872,0002_t,oxo5zVpux
873,10.10.10.873,0001_t,oxo5zVpux
874,10.10.10.874,0002_t,oxo5zVpux
875,10.10.10.875,0001_t,oxo5zVpux
876,10.10.10.876,0002_t,oxo5zVpux
877,10.10.10.877,0001_t,oxo5zVpux
878,10.10.10.878,0002_t,oxo5zVpux
879,10.10.10.879,0001_t,oxo5zVpux
880,10.10.10.880,0002_t,oxo5zVpux
881,10.10.10.881,0001_t,oxo5zVpux
882,10.10.10.882,0002_t,oxo5zVpux
883,10.10.10.883,0001_t,oxo5zVpux
884,10.10.10.884,0002_t,oxo5zVpux
885,10.10.10.885,0001_t,oxo5zVpux
886,10.10.10.886,0002_t,oxo5zVpux
887,10.10.10.887,0001_t,oxo5zVpux
888,10.10.10.888,0002_t,oxo5zVpux
889,10.10.10.889,0001_t,oxo5zVpux
890,10.10.10.890,0002_t,oxo5zVpux
891,10.10.10.891,0001_t,oxo5zVpux
892,10.10.10.892,0002_t,oxo5zVpux
893,10.10.10.893,0001_t,oxo5zVpux
894,10.10.10.894,0002_t,oxo5zVpux
895,10.10.10.895,0001_t,oxo5zVpux
896,10.10.10.896,0002_t,oxo5zVpux
897,10.10.10.897,0001_t,oxo5zVpux
898,10.10.10.898,0002_t,oxo5zVpux
899,10.10.10.899,0001_t,oxo5zVpux
900,10.10.10.900,0002_t,oxo5zVpux
901,10.10.10.901,0001_t,oxo5zVpux
902,10.10.10.902,0002_t,oxo5zVpux
903,10.10.10.903,0001_t,oxo5zVpux
904,10.10.10.904,0002_t,oxo5zVpux
905,10.10.10.905,0001_t,oxo5zVpux
906,10.10.10.906,0002_t,oxo5zVpux
907,10.10.10.907,0001_t,oxo5zVpux
908,10.10.10.908,0002_t,oxo5zVpux
909,10.10.10.909,0001_t,oxo5zVpux
910,10.10.10.910,0002_t,oxo5zVpux
911,10.10.10.911,0001_t,oxo5zVpux
912,10.10.10.912,0002_t,oxo5zVpux
913,10.10.10.913,0001_t,oxo5zVpux
914,10.10.10.914,0002_t,oxo5zVpux
915,10.10.10.915,0001_t,oxo5zVpux
916,10.10.10.916,0002_t,oxo5zVpux
917,10.10.10.917,0001_t,oxo5zVpux
918,10.10.10.918,0002_t,oxo5zVpux
919,10.10.10.919,0001_t,oxo5zVpux
920,10.10.10.920,0002_t,oxo5zVpux
921,10.10.10.921,0001_t,oxo5zVpux
922,10.10.10.922,0002_t,oxo5zVpux
923,10.10.10.923,0001_t,oxo5zVpux
924,10.10.10.924,0002_t,oxo5zVpux
925,10.10.10.925,0001_t,oxo5zVpux
926,10.10.10.926,0002_t,oxo5zVpux
927,10.10.10.927,0001_t,oxo5zVpux
928,10.10.10.928,0002_t,oxo5zVpux
929,10.10.10.929,0001_t,oxo5zVpux
930,10.10.10.930,0002_t,oxo5zVpux
931,10.10.10.931,0001_t,oxo5zVpux
932,10.10.10.932,0002_t,oxo5zVpux
933,10.10.10.933,0001_t,oxo5zVpux
934,10.10.10.934,0002_t,oxo5zVpux
935,10.10.10.935,0001_t,oxo5zVpux
936,10.10.10.936,0002_t,oxo5zVpux
937,10.10.10.937,0001_t,oxo5zVpux
938,10.10.10.938,0002_t,oxo5zVpux
939,10.10.10.939,0001_t,oxo5zVpux
940,10.10.10.940,0002_t,oxo5zVpux
941,10.10.10.941,0001_t,oxo5zVpux
942,10.10.10.942,0002_t,oxo5zVpux
943,10.10.10.943,0001_t,oxo5zVpux
944,10.10.10.944,0002_t,oxo5zVpux
945,10.10.10.945,0001_t,oxo5zVpux
946,10.10.10.946,0002_t,oxo5zVpux
947,10.10.10.947,0001_t,oxo5zVpux
948,10.10.10.948,0002_t,oxo5zVpux
949,10.10.10.949,0001_t,oxo5zVpux
950,10.10.10.950,0002_t,oxo5zVpux
951,10.10.10.951,0001_t,oxo5zVpux
952,10.10.10.952,0002_t,oxo5zVpux
953,10.10.10.953,0001_t,oxo5zVpux
954,10.10.10.954,0002_t,oxo5zVpux
955,10.10.10.955,0001_t,oxo5zVpux
956,10.10.10.956,0002_t,oxo5zVpux
957,10.10.10.957,0001_t,oxo5zVpux
958,10.10.10.958,0002_t,oxo5zVpux
959,10.10.10.959,0001_t,oxo5zVpux
960,10.10.10.960,0002_t,oxo5zVpux
961,10.10.10.961,0001_t,oxo5zVpux
962,10.10.10.962,0002_t,oxo5zVpux
963,10.10.10.963,0001_t,oxo5zVpux
964,10.10.10.964,0002_t,oxo5zVpux
965,10.10.10.965,0001_t,oxo5zVpux
966,10.10.10.966,0002_t,oxo5zVpux
967,10.10.10.967,0001_t,oxo5zVpux
968,10.10.10.968,0002_t,oxo5zVpux
969,10.10.10.969,0001_t,oxo5zVpux
970,10.10.10.970,0002_t,oxo5zVpux
971,10.10.10.971,0001_t,oxo5zVpux
972,10.10.10.972,0002_t,oxo5zVpux
973,10.10.10.973,0001_t,oxo5zVpux
974,10.10.10.974,0002_t,oxo5zVpux
975,10.10.10.975,0001_t,oxo5zVpux
976,10.10.10.976,0002_t,oxo5zVpux
977,10.10.10.977,0001_t,oxo5zVpux
978,10.10.10.978,0002_t,oxo5zVpux
979,10.10.10.979,0001_t,oxo5zVpux
980,10.10.10.980,0002_t,oxo5zVpux
981,10.10.10.981,0001_t,oxo5zVpux
982,10.10.10.982,0002_t,oxo5zVpux
983,10.10.10.983,0001_t,oxo5zVpux
984,10.10.10.984,0002_t,oxo5zVpux
985,10.10.10.985,0001_t,oxo5zVpux
986,10.10.10.986,0002_t,oxo5zVpux
987,10.10.10.987,0001_t,oxo5zVpux
988,10.10.10.988,0002_t,oxo5zVpux
989,10.10.10.989,0001_t,oxo5zVpux
990,10.10.10.990,0002_t,oxo5zVpux
991,10.10.10.991,0001_t,oxo5zVpux
992,10.10.10.992,0002_t,oxo5zVpux
993,10.10.10.993,0001_t,oxo5zVpux
994,10.10.10.994,0002_t,oxo5zVpux
995,10.10.10.995,0001_t,oxo5zVpux
996,10.10.10.996,0002_t,oxo5zVpux
997,10.10.10.997,0001_t,oxo5zVpux
998,10.10.10.998,0002_t,oxo5zVpux
999,10.10.10.999,0001_t,oxo5zVpux
1000,10.10.10.1000,0002_t,oxo5zVpux